disease_label,UMAP1,UMAP2,n_docs
Cancer Immunology / Epigenetics,1.1626749745447367,2.2247618365570894,974
Cardiovascular & Maternal Health Outcomes,1.2193456522129988,-5.112833492651703,1171
Cognitive Neuroscience / Dementia Diagnostics,-3.1584033468010797,0.08103656157614378,1268
Ferroptosis & Neuroinflammation,1.6380196973189847,5.747227211361958,826
Healthcare Delivery / Diabetes Care,3.835686892629581,-2.3402269650385756,1125
Neurodegeneration / PD-AD,-1.463341305582831,5.423398220042362,1400
Oncology Trials / Chronic Disease Management,0.17015641976533288,-1.435156770425164,1119
Vascular Surgery / Interventional,-2.261303030878996,-4.191028481701851,1046
